{"cameraMode":{"drawMode":0,"name":"Shaded","section":"Shading Mode"},"sceneLighting":false,"audioPlay":false,"sceneViewState":{"showFog":true,"showMaterialUpdate":false,"showSkybox":false,"showFlares":true,"showImageEffects":true,"showParticleSystems":true},"in2DMode":false,"pivot":{"x":4.781255722045898,"y":2.359963893890381,"z":-4.498623847961426},"rotation":{"x":0.2506788671016693,"y":0.21137258410453797,"z":-0.05618694797158241,"w":0.9430401921272278},"size":3.7578835487365724,"orthographic":false}