{"cameraMode":{"drawMode":0,"name":"Shaded","section":"Shading Mode"},"sceneLighting":true,"audioPlay":false,"sceneViewState":{"showFog":true,"showMaterialUpdate":false,"showSkybox":true,"showFlares":true,"showImageEffects":true,"showParticleSystems":true},"in2DMode":false,"pivot":{"x":-6.65218448638916,"y":1.6872633695602418,"z":2.652649402618408},"rotation":{"x":0.10458701848983765,"y":0.09977016597986222,"z":-0.010545785538852215,"w":0.9894424080848694},"size":9.196548461914063,"orthographic":false}